Table 80,,,,
Full-time Law Enforcement Employees ,,,,
"by State by Metropolitan and Nonmetropolitan Counties, 2014",,,,
State,County,police,"Total
officers","Total
civilians"
ALABAMA-Metropolitan Counties,Autauga,62,25,37
,Baldwin,286,108,178
,Bibb,12,11,1
,Calhoun,58,53,5
,Colbert,50,31,19
,Elmore,101,50,51
,Etowah,165,67,98
,Geneva,30,12,18
,Hale,12,10,2
,Henry,17,13,4
,Lawrence,51,31,20
,Limestone,110,45,65
,Lowndes,38,15,23
,Madison,346,113,233
,Mobile,528,171,357
,Montgomery,168,128,40
,Russell,115,40,75
,St. Clair,56,46,10
,Tuscaloosa,204,101,103
,Walker,75,31,44
ALABAMA-Nonmetropolitan Counties,Barbour,11,11,0
,Bullock,13,6,7
,Butler,14,11,3
,Choctaw,13,6,7
,Clarke,36,12,24
,Clay,25,9,16
,Cleburne,27,11,16
,Covington,28,25,3
,Crenshaw,10,8,2
,Cullman,137,82,55
,Dale,48,23,25
,Dallas,48,24,24
,DeKalb,80,32,48
,Escambia,60,27,33
,Jackson,81,33,48
,Lamar,20,8,12
,Macon,39,17,22
,Monroe,52,17,35
,Perry,17,7,10
,Pike,30,18,12
,Randolph,34,16,18
,Talladega,100,37,63
,Tallapoosa,56,24,32
,Winston,26,9,17
ARIZONA-Metropolitan Counties,Cochise,181,78,103
,Coconino,239,56,183
,Maricopa,"3,440",678,"2,762"
,Mohave,266,87,179
,Pima,"1,466",519,947
,Pinal,590,216,374
,Yavapai,176,117,59
,Yuma,328,84,244
ARIZONA-Nonmetropolitan Counties,Apache,67,25,42
,Gila,134,47,87
,Graham,71,23,48
,Greenlee,44,17,27
,La Paz,86,29,57
,Navajo,135,51,84
,Santa Cruz,93,32,61
ARKANSAS-Metropolitan Counties,Benton,227,159,68
,Cleveland,13,8,5
,Craighead,106,39,67
,Crawford,62,30,32
,Crittenden,161,45,116
,Faulkner,153,41,112
,Garland,183,49,134
,Grant,17,14,3
,Jefferson,137,38,99
,Lincoln,22,9,13
,Little River,26,11,15
,Lonoke,60,28,32
,Madison,18,8,10
,Miller,69,22,47
,Perry,19,10,9
,Poinsett,42,14,28
,Pulaski,479,122,357
,Saline,96,42,54
,Sebastian,159,37,122
,Washington,293,157,136
ARKANSAS-Nonmetropolitan Counties,Arkansas,44,10,34
,Ashley,46,21,25
,Baxter,52,33,19
,Boone,52,25,27
,Bradley,7,5,2
,Calhoun,11,5,6
,Carroll,22,19,3
,Chicot,12,7,5
,Clark,28,13,15
,Clay,23,9,14
,Cleburne,39,22,17
,Columbia,38,20,18
,Conway,40,19,21
,Cross,42,17,25
,Dallas,29,7,22
,Desha,7,6,1
,Drew,25,10,15
,Franklin,21,11,10
,Fulton,14,6,8
,Greene,26,19,7
,Hempstead,48,19,29
,Hot Spring,18,16,2
,Howard,24,11,13
,Independence,81,52,29
,Izard,33,19,14
,Jackson,23,13,10
,Johnson,34,13,21
,Lafayette,23,7,16
,Lawrence,23,11,12
,Lee,10,5,5
,Logan,29,12,17
,Marion,19,17,2
,Mississippi,89,33,56
,Monroe,13,5,8
,Montgomery,19,11,8
,Nevada,16,5,11
,Newton,17,6,11
,Ouachita,39,15,24
,Phillips,20,15,5
,Pike,22,8,14
,Polk,27,14,13
,Pope,36,30,6
,Prairie,17,7,10
,Randolph,11,10,1
,Scott,24,7,17
,Searcy,13,6,7
,Sevier,33,16,17
,Sharp,31,13,18
,St. Francis,37,18,19
,Stone,20,10,10
,Union,59,27,32
,Van Buren,37,19,18
,White,109,54,55
,Woodruff,11,6,5
,Yell,27,14,13
CALIFORNIA-Metropolitan Counties,Alameda,"1,506",956,550
,Butte,296,109,187
,Contra Costa,940,639,301
,El Dorado,341,155,186
,Fresno,"1,009",398,611
,Imperial,284,190,94
,Kern,"1,191",886,305
,Kings,267,76,191
,Los Angeles,"16,759","9,220","7,539"
,Madera,109,75,34
,Marin,282,187,95
,Merced,221,97,124
,Monterey,414,300,114
,Napa,142,112,30
,Orange,"3,601","1,828","1,773"
,Placer,465,236,229
,Riverside,"4,020","2,009","2,011"
,Sacramento,"1,900","1,213",687
,San Benito,42,18,24
,San Bernardino,"3,310","1,809","1,501"
,San Diego,"4,123","2,515","1,608"
,San Francisco,990,827,163
,San Joaquin,721,290,431
,San Luis Obispo,379,151,228
,San Mateo,638,462,176
,Santa Barbara,612,446,166
,Santa Clara,"1,616","1,166",450
,Santa Cruz,304,135,169
,Shasta,217,145,72
,Solano,457,116,341
,Sonoma,612,228,384
,Stanislaus,564,409,155
,Sutter,132,108,24
,Tulare,749,536,213
,Ventura,"1,231",747,484
,Yolo,254,88,166
,Yuba,168,125,43
CALIFORNIA-Nonmetropolitan Counties,Alpine,14,11,3
,Amador,93,47,46
,Calaveras,92,48,44
,Colusa,67,34,33
,Del Norte,53,25,28
,Glenn,60,25,35
,Humboldt,219,175,44
,Inyo,68,35,33
,Lake,134,50,84
,Lassen,82,61,21
,Mariposa,72,58,14
,Mendocino,168,126,42
,Modoc,21,13,8
,Mono,49,26,23
,Nevada,153,59,94
,Plumas,61,32,29
,Sierra,15,10,5
,Siskiyou,100,79,21
,Tehama,115,83,32
,Trinity,40,33,7
,Tuolumne,126,61,65
COLORADO-Metropolitan Counties,Adams,517,363,154
,Arapahoe,520,341,179
,Boulder,379,209,170
,Clear Creek,60,28,32
,Douglas,445,291,154
,Elbert,38,32,6
,El Paso,785,523,262
,Gilpin,46,31,15
,Jefferson,803,495,308
,Larimer,364,176,188
,Park,34,25,9
,Weld,342,265,77
COLORADO-Nonmetropolitan Counties,Alamosa,44,32,12
,Baca,11,4,7
,Bent,24,11,13
,Cheyenne,9,5,4
,Conejos,24,8,16
,Costilla,11,8,3
,Crowley,12,7,5
,Custer,20,9,11
,Delta,66,34,32
,Dolores,7,5,2
,Eagle,75,45,30
,Garfield,144,114,30
,Grand,56,21,35
,Hinsdale,5,4,1
,Huerfano,23,11,12
,Jackson,10,4,6
,Kiowa,7,5,2
,Kit Carson,26,7,19
,Lake,23,16,7
,La Plata,133,106,27
,Las Animas,29,13,16
,Lincoln,22,10,12
,Logan,46,21,25
,Mineral,4,3,1
,Moffat,39,33,6
,Montezuma,55,26,29
,Montrose,108,48,60
,Morgan,48,41,7
,Ouray,7,7,0
,Phillips,5,4,1
,Pitkin,56,23,33
,Prowers,26,6,20
,Rio Blanco,29,21,8
,Rio Grande,32,28,4
,Saguache,20,8,12
,San Juan,4,3,1
,Summit,55,47,8
,Washington,38,29,9
,Yuma,21,20,1
DELAWARE-Metropolitan Counties,New Castle County Police Department,465,346,119
FLORIDA-Metropolitan Counties,Alachua,568,342,226
,Baker,149,42,107
,Bay,275,210,65
,Broward,"2,987","1,518","1,469"
,Charlotte,399,281,118
,Clay,536,259,277
,Collier,870,560,310
,Escambia,641,389,252
,Flagler,231,176,55
,Gadsden,89,45,44
,Gilchrist,43,29,14
,Highlands,308,131,177
,Hillsborough,"3,236","1,172","2,064"
,Indian River,448,198,250
,Lee,"1,086",714,372
,Manatee,"1,096",501,595
,Marion,710,520,190
,Martin,541,387,154
,Miami-Dade,"3,752","2,674","1,078"
,Nassau,231,146,85
,Okaloosa,351,261,90
,Orange,"1,929","1,341",588
,Osceola,595,386,209
,Palm Beach,"3,287","1,472","1,815"
,Pasco,"1,112",533,579
,Pinellas,"1,523",830,693
,Polk,"2,039",643,"1,396"
,Santa Rosa,378,187,191
,Sarasota,926,400,526
,Seminole,"1,173",427,746
,St. Johns,587,273,314
,St. Lucie,621,260,361
,Volusia,754,417,337
,Wakulla,81,50,31
,Walton,325,218,107
FLORIDA-Nonmetropolitan Counties,Calhoun,29,18,11
,Columbia,171,94,77
,DeSoto,117,56,61
,Dixie,73,25,48
,Franklin,76,36,40
,Hamilton,57,18,39
,Hardee,105,52,53
,Hendry,146,73,73
,Holmes,51,26,25
,Jackson,79,59,20
,Lafayette,30,11,19
,Levy,135,64,71
,Liberty,23,17,6
,Monroe,491,192,299
,Okeechobee,117,85,32
,Putnam,227,109,118
,Suwannee,106,61,45
,Taylor,73,30,43
,Union,19,14,5
GEORGIA-Metropolitan Counties,Bartow,228,214,14
,Brantley,46,20,26
,Brooks,46,21,25
,Bryan,76,44,32
,Burke,65,32,33
,Butts,80,46,34
,Carroll,191,108,83
,Chattahoochee,12,7,5
,Clarke,172,146,26
,Clayton County Police Department,472,361,111
,Cobb County Police Department,666,610,56
,Columbia,367,271,96
,Coweta,247,154,93
,Crawford,34,16,18
,Dawson,104,57,47
,DeKalb County Police Department,"1,123",887,236
,Dougherty,234,108,126
,Douglas,319,284,35
,Echols,9,8,1
,Effingham,169,107,62
,Fayette,220,142,78
,Floyd,137,88,49
,Floyd County Police Department,79,74,5
,Forsyth,368,311,57
,Fulton,947,815,132
,Glynn County Police Department,132,117,15
,Gwinnett County Police Department,946,685,261
,Hall,411,266,145
,Haralson,73,63,10
,Harris,52,50,2
,Heard,38,21,17
,Henry,263,147,116
,Henry County Police Department,240,206,34
,Jones,76,53,23
,Lee,75,49,26
,Lincoln,28,12,16
,Long,29,24,5
,McDuffie,46,21,25
,McIntosh,72,42,30
,Monroe,95,58,37
,Murray,77,46,31
,Muscogee,354,326,28
,Newton,245,149,96
,Oglethorpe,46,18,28
,Paulding,270,232,38
,Peach,64,33,31
,Pickens,76,65,11
,Pike,50,25,25
,Pulaski,38,26,12
,Spalding,183,147,36
,Twiggs,41,20,21
,Walker,115,75,40
,Worth,33,22,11
GEORGIA-Nonmetropolitan Counties,Baldwin,120,58,62
,Banks,49,47,2
,Berrien,46,22,24
,Bleckley,45,14,31
,Calhoun,14,5,9
,Camden,114,66,48
,Clinch,21,11,10
,Coffee,114,52,62
,Cook,48,42,6
,Dodge,54,18,36
,Early,51,24,27
,Elbert,56,29,27
,Emanuel,38,34,4
,Evans,19,10,9
,Fannin,49,47,2
,Franklin,59,35,24
,Gilmer,94,76,18
,Gordon,117,81,36
,Grady,22,17,5
,Greene,52,32,20
,Habersham,43,40,3
,Irwin,21,13,8
,Jackson,170,98,72
,Jefferson,49,46,3
,Laurens,109,60,49
,Macon,22,21,1
,Mitchell,54,24,30
,Polk,73,35,38
,Polk County Police Department,45,42,3
,Putnam,67,33,34
,Quitman,7,5,2
,Rabun,53,51,2
,Randolph,27,13,14
,Schley,9,4,5
,Screven,24,23,1
,Seminole,30,16,14
,Stephens,67,37,30
,Sumter,144,48,96
,Talbot,16,11,5
,Tattnall,56,20,36
,Taylor,22,11,11
,Tift,114,64,50
,Towns,35,18,17
,Treutlen,21,11,10
,Troup,80,71,9
,Turner,36,17,19
,Union,43,38,5
,Upson,63,31,32
,Ware,125,45,80
,Washington,26,23,3
,Wayne,55,30,25
,Webster,5,4,1
,Wilkes,41,23,18
,Wilkinson,30,18,12
HAWAII-Metropolitan Counties,Maui Police Department,467,358,109
HAWAII-Nonmetropolitan Counties,Hawaii Police Department,543,420,123
,Kauai Police Department,188,135,53
IDAHO-Metropolitan Counties,Ada,425,136,289
,Bannock,66,42,24
,Boise,20,11,9
,Bonneville,102,65,37
,Butte,12,4,8
,Canyon,162,79,83
,Franklin,13,8,5
,Gem,24,13,11
,Jefferson,24,18,6
,Kootenai,167,95,72
,Nez Perce,41,22,19
,Owyhee,21,14,7
IDAHO-Nonmetropolitan Counties,Adams,18,11,7
,Bear Lake,12,6,6
,Benewah,15,8,7
,Bingham,53,34,19
,Blaine,27,17,10
,Bonner,82,66,16
,Boundary,20,9,11
,Camas,6,4,2
,Caribou,16,9,7
,Cassia,54,35,19
,Clark,9,3,6
,Clearwater,23,15,8
,Custer,13,7,6
,Elmore,37,20,17
,Fremont,26,19,7
,Gooding,19,13,6
,Idaho,31,20,11
,Jerome,22,17,5
,Latah,39,26,13
,Lemhi,10,9,1
,Lewis,10,5,5
,Lincoln,9,6,3
,Madison,35,22,13
,Minidoka,29,18,11
,Oneida,13,8,5
,Payette,31,16,15
,Power,17,9,8
,Shoshone,35,15,20
,Teton,18,10,8
,Twin Falls,69,43,26
,Valley,28,16,12
,Washington,15,9,6
ILLINOIS-Metropolitan Counties,Cook,"6,645","1,998","4,647"
,Ford,27,8,19
,Grundy,46,30,16
,Jackson,79,27,52
,Kane,275,84,191
,Kankakee,197,56,141
,Macoupin,44,31,13
,Madison,159,77,82
,Marshall,18,9,9
,McHenry,378,104,274
,McLean,121,44,77
,Piatt,33,12,21
,Sangamon,193,63,130
,Vermilion,44,39,5
,Will,597,466,131
,Williamson,90,28,62
,Winnebago,336,106,230
ILLINOIS-Nonmetropolitan Counties,Carroll,22,9,13
,Clay,16,10,6
,Cumberland,14,5,9
,Edgar,19,9,10
,Effingham,50,19,31
,Fulton,42,21,21
,Gallatin,3,3,0
,Jo Daviess,36,18,18
,Knox,62,22,40
,Mason,22,9,13
,McDonough,25,13,12
,Saline,43,11,32
,Shelby,28,14,14
INDIANA-Metropolitan Counties,Boone,85,29,56
,Brown,40,14,26
,Carroll,19,10,9
,Delaware,99,41,58
,Elkhart,182,69,113
,Floyd,98,30,68
,Hancock,74,40,34
,Hendricks,103,45,58
,Johnson,129,115,14
,Newton,38,16,22
,Porter,79,67,12
,Posey,31,13,18
,Shelby,91,30,61
,St. Joseph,289,112,177
,Sullivan,36,10,26
,Tippecanoe,136,50,86
,Vanderburgh,248,108,140
,Vigo,43,39,4
,Warrick,79,38,41
INDIANA-Nonmetropolitan Counties,Blackford,32,9,23
,Cass,54,19,35
,Clinton,58,19,39
,Crawford,16,7,9
,Daviess,65,19,46
,Franklin,29,13,16
,Gibson,42,17,25
,Grant,107,45,62
,Greene,44,18,26
,Henry,56,28,28
,Jay,48,14,34
,Jennings,18,15,3
,Kosciusko,78,36,42
,LaGrange,54,17,37
,Lawrence,71,25,46
,Miami,49,16,33
,Montgomery,70,23,47
,Parke,35,23,12
,Steuben,51,21,30
,Tipton,29,13,16
,Wabash,37,16,21
,White,35,15,20
IOWA-Metropolitan Counties,Benton,30,12,18
,Black Hawk,136,102,34
,Bremer,31,11,20
,Dallas,67,22,45
,Grundy,16,12,4
,Guthrie,10,6,4
,Harrison,19,10,9
,Johnson,89,67,22
,Jones,24,10,14
,Linn,185,119,66
,Mills,26,11,15
,Plymouth,30,10,20
,Polk,459,139,320
,Pottawattamie,196,54,142
,Scott,152,43,109
,Story,84,31,53
,Washington,32,17,15
,Woodbury,112,36,76
IOWA-Nonmetropolitan Counties,Adair,14,5,9
,Adams,11,6,5
,Allamakee,16,9,7
,Appanoose,15,7,8
,Audubon,10,6,4
,Boone,28,11,17
,Buena Vista,35,13,22
,Butler,19,11,8
,Calhoun,7,6,1
,Carroll,15,9,6
,Cass,12,9,3
,Cedar,40,12,28
,Cerro Gordo,70,19,51
,Cherokee,19,6,13
,Chickasaw,14,8,6
,Clarke,18,6,12
,Clay,23,10,13
,Clayton,28,11,17
,Clinton,43,25,18
,Crawford,13,10,3
,Decatur,11,6,5
,Delaware,18,13,5
,Des Moines,48,20,28
,Dickinson,19,9,10
,Emmet,17,8,9
,Fayette,39,12,27
,Floyd,18,11,7
,Franklin,10,7,3
,Fremont,19,8,11
,Greene,16,7,9
,Hamilton,29,10,19
,Hancock,8,7,1
,Hardin,27,10,17
,Henry,28,11,17
,Howard,15,8,7
,Humboldt,13,8,5
,Ida,17,10,7
,Iowa,28,12,16
,Jackson,17,10,7
,Jasper,46,16,30
,Keokuk,10,6,4
,Kossuth,14,10,4
,Lee,32,15,17
,Louisa,28,11,17
,Lucas,11,4,7
,Lyon,24,11,13
,Mahaska,25,9,16
,Marion,35,13,22
,Marshall,52,18,34
,Mitchell,11,6,5
,Monona,18,8,10
,Monroe,14,5,9
,Muscatine,61,22,39
,O'Brien,28,9,19
,Osceola,13,9,4
,Page,9,8,1
,Palo Alto,15,8,7
,Pocahontas,16,7,9
,Poweshiek,24,11,13
,Ringgold,11,6,5
,Sac,19,9,10
,Shelby,15,9,6
,Sioux,40,14,26
,Tama,22,13,9
,Taylor,11,7,4
,Union,12,6,6
,Van Buren,11,5,6
,Wapello,40,11,29
,Wayne,15,6,9
,Webster,34,16,18
,Winnebago,10,6,4
,Winneshiek,23,10,13
,Worth,24,12,12
KANSAS-Metropolitan Counties,Butler,101,61,40
,Doniphan,16,5,11
,Douglas,137,76,61
,Harvey,40,19,21
,Jackson,40,20,20
,Jefferson,40,26,14
,Johnson,593,461,132
,Kingman,21,8,13
,Leavenworth,98,77,21
,Linn,22,11,11
,Miami,40,22,18
,Pottawatomie,39,28,11
,Riley County Police Department,198,103,95
,Sedgwick,510,176,334
,Shawnee,169,99,70
,Sumner,57,25,32
,Wabaunsee,20,8,12
,Wyandotte,240,178,62
KANSAS-Nonmetropolitan Counties,Allen,25,9,16
,Anderson,30,9,21
,Atchison,29,13,16
,Barber,10,4,6
,Barton,43,18,25
,Brown,23,8,15
,Chase,9,5,4
,Chautauqua,15,6,9
,Cherokee,48,21,27
,Cheyenne,5,4,1
,Clark,11,6,5
,Clay,20,8,12
,Cloud,25,8,17
,Coffey,32,14,18
,Cowley,50,25,25
,Crawford,56,30,26
,Decatur,3,3,0
,Dickinson,30,18,12
,Edwards,10,6,4
,Elk,9,4,5
,Ellis,31,18,13
,Ellsworth,15,6,9
,Finney,93,37,56
,Ford,68,27,41
,Franklin,64,25,39
,Geary,82,35,47
,Gove,5,4,1
,Graham,7,3,4
,Grant,13,5,8
,Gray,16,10,6
,Greeley,7,3,4
,Greenwood,23,13,10
,Harper,13,7,6
,Hodgeman,9,4,5
,Jewell,10,6,4
,Kearny,19,12,7
,Labette,29,17,12
,Lane,10,5,5
,Lincoln,13,8,5
,Logan,4,3,1
,Lyon,84,25,59
,Marion,14,8,6
,Marshall,19,8,11
,McPherson,34,16,18
,Meade,17,6,11
,Mitchell,20,7,13
,Morris,12,7,5
,Morton,10,6,4
,Nemaha,19,8,11
,Neosho,38,17,21
,Ness,13,8,5
,Norton,10,5,5
,Osborne,14,7,7
,Ottawa,17,5,12
,Phillips,12,7,5
,Pratt,14,8,6
,Reno,83,74,9
,Republic,15,10,5
,Rice,23,6,17
,Rooks,11,6,5
,Rush,12,7,5
,Russell,17,10,7
,Saline,94,46,48
,Scott,9,5,4
,Seward,44,15,29
,Sheridan,6,3,3
,Smith,5,5,0
,Stafford,9,4,5
,Stanton,13,8,5
,Stevens,21,9,12
,Thomas,14,6,8
,Trego,5,4,1
,Wallace,10,3,7
,Washington,19,6,13
,Wichita,8,4,4
,Wilson,28,10,18
,Woodson,13,8,5
KENTUCKY-Metropolitan Counties,Allen,16,14,2
,Bourbon,7,6,1
,Bullitt,47,32,15
,Campbell,15,11,4
,Campbell County Police Department,32,31,1
,Christian,36,32,4
,Clark,17,13,4
,Daviess,47,42,5
,Edmonson,9,5,4
,Fayette,82,48,34
,Gallatin,12,11,1
,Grant,16,14,2
,Greenup,19,16,3
,Hardin,42,27,15
,Henderson,27,22,5
,Henry,6,5,1
,Jefferson,251,203,48
,Kenton,37,23,14
,Kenton County Police Department,33,31,2
,Larue,6,5,1
,McLean,21,8,13
,Meade,14,11,3
,Oldham,19,17,2
,Pendleton,7,6,1
,Shelby,24,22,2
,Trigg,9,6,3
,Warren,82,38,44
,Woodford,16,10,6
KENTUCKY-Nonmetropolitan Counties,Adair,8,6,2
,Anderson,17,15,2
,Ballard,14,11,3
,Barren,20,15,5
,Bath,5,4,1
,Boyle,12,11,1
,Breathitt,3,1,2
,Breckinridge,12,9,3
,Calloway,31,14,17
,Carlisle,4,2,2
,Carroll,5,3,2
,Carter,11,8,3
,Casey,8,6,2
,Clay,19,15,4
,Crittenden,5,4,1
,Cumberland,5,4,1
,Elliott,1,1,0
,Estill,6,4,2
,Fleming,7,6,1
,Floyd,14,11,3
,Franklin,28,26,2
,Fulton,5,4,1
,Garrard,10,9,1
,Graves,17,14,3
,Grayson,11,7,4
,Green,4,4,0
,Hart,13,9,4
,Hickman,3,3,0
,Hopkins,25,18,7
,Jackson County Police Department,4,4,0
,Johnson,12,8,4
,Knott,9,6,3
,Laurel,40,27,13
,Lee,3,2,1
,Letcher,12,6,6
,Lewis,8,5,3
,Lincoln,6,5,1
,Livingston,9,7,2
,Logan,24,18,6
,Lyon,5,4,1
,Madison,33,26,7
,Magoffin,11,6,5
,Marion,9,6,3
,Marshall,23,21,2
,Martin,6,4,2
,Mason,15,13,2
,McCracken,44,38,6
,McCreary,6,5,1
,Mercer,11,8,3
,Metcalfe,4,4,0
,Montgomery,17,15,2
,Muhlenberg,17,14,3
,Nicholas,2,1,1
,Owsley,4,3,1
,Perry,19,10,9
,Pike,20,9,11
,Robertson,2,1,1
,Rockcastle,7,5,2
,Rowan,11,8,3
,Russell,12,10,2
,Simpson,13,11,2
,Taylor,12,9,3
,Todd,5,4,1
,Union,10,9,1
,Washington,12,6,6
,Wayne,11,9,2
,Webster,9,7,2
,Whitley,20,15,5
LOUISIANA-Metropolitan Counties,Ascension,312,269,43
,Caddo,682,463,219
,Calcasieu,849,525,324
,East Baton Rouge,836,716,120
,Iberia,318,131,187
,Iberville,141,72,69
,Jefferson,"1,445","1,001",444
,Lafourche,297,235,62
,Livingston,254,254,0
,Plaquemines,196,196,0
,Pointe Coupee,100,43,57
,Rapides,498,498,0
,St. Bernard,251,235,16
,St. Charles,356,248,108
,St. James,95,71,24
,St. John the Baptist,246,245,1
,Tangipahoa,241,95,146
,Vermilion,125,103,22
,Webster,124,46,78
,West Baton Rouge,177,125,52
LOUISIANA-Nonmetropolitan Counties,Allen,62,24,38
,Assumption,100,59,41
,Caldwell,32,32,0
,Claiborne,101,39,62
,East Carroll,167,15,152
,Jefferson Davis,71,43,28
,Natchitoches,175,148,27
,Richland,118,102,16
,Sabine,80,80,0
,St. Landry,218,94,124
,St. Mary,174,155,19
,Vernon,156,61,95
,Washington,77,58,19
,West Carroll,15,15,0
MAINE-Metropolitan Counties,Androscoggin,20,19,1
,Cumberland,72,60,12
,Penobscot,34,29,5
,Sagadahoc,21,19,2
,York,31,27,4
MAINE-Nonmetropolitan Counties,Aroostook,18,13,5
,Franklin,21,20,1
,Hancock,20,17,3
,Kennebec,32,29,3
,Knox,21,20,1
,Lincoln,24,22,2
,Oxford,30,28,2
,Piscataquis,17,7,10
,Somerset,17,15,2
,Waldo,20,18,2
,Washington,10,9,1
MARYLAND-Metropolitan Counties,Allegany,32,28,4
,Anne Arundel,94,68,26
,Anne Arundel County Police Department,952,713,239
,Baltimore County,84,70,14
,Baltimore County Police Department,"2,066","1,833",233
,Calvert,160,133,27
,Carroll,151,114,37
,Cecil,98,79,19
,Charles,420,296,124
,Frederick,231,170,61
,Harford,379,287,92
,Howard,71,51,20
,Howard County Police Department,648,465,183
,Montgomery,169,141,28
,Montgomery County Police Department,"1,905","1,384",521
,Prince George's,314,226,88
,Prince George's County Police Department,"1,931","1,697",234
,Queen Anne's,65,60,5
,Somerset,26,23,3
,St. Mary's,273,138,135
,Washington,246,95,151
,Wicomico,105,85,20
,Worcester,60,48,12
MARYLAND-Nonmetropolitan Counties,Caroline,33,28,5
,Dorchester,42,38,4
,Garrett,54,29,25
,Kent,23,20,3
,Talbot,32,29,3
MICHIGAN-Metropolitan Counties,Barry,53,30,23
,Bay,83,36,47
,Berrien,155,137,18
,Calhoun,68,61,7
,Cass,70,33,37
,Clinton,61,26,35
,Eaton,135,71,64
,Genesee,262,232,30
,Ingham,177,97,80
,Jackson,137,57,80
,Kalamazoo,222,151,71
,Kent,509,190,319
,Lapeer,122,46,76
,Livingston,107,51,56
,Macomb,471,234,237
,Midland,62,30,32
,Monroe,152,72,80
,Montcalm,55,28,27
,Muskegon,110,47,63
,Oakland,983,817,166
,Ottawa,166,138,28
,Saginaw,128,66,62
,St. Clair,183,76,107
,Van Buren,103,54,49
,Washtenaw,305,124,181
,Wayne,836,577,259
MICHIGAN-Nonmetropolitan Counties,Alcona,23,12,11
,Alger,14,9,5
,Allegan,100,50,50
,Alpena,23,12,11
,Antrim,43,19,24
,Arenac,23,13,10
,Baraga,13,6,7
,Benzie,33,13,20
,Branch,35,16,19
,Charlevoix,39,19,20
,Cheboygan,37,20,17
,Chippewa,32,14,18
,Clare,31,26,5
,Crawford,25,24,1
,Delta,28,14,14
,Dickinson,29,12,17
,Emmet,48,24,24
,Gladwin,37,14,23
,Gogebic,22,15,7
,Grand Traverse,121,65,56
,Gratiot,37,24,13
,Hillsdale,30,19,11
,Houghton,29,28,1
,Huron,37,22,15
,Ionia,46,20,26
,Iosco,22,4,18
,Iron,19,9,10
,Isabella,47,20,27
,Kalkaska,35,16,19
,Keweenaw,8,6,2
,Lake,66,16,50
,Leelanau,36,18,18
,Lenawee,107,41,66
,Luce,6,5,1
,Mackinac,28,12,16
,Manistee,33,15,18
,Marquette,56,22,34
,Mason,46,18,28
,Mecosta,47,22,25
,Menominee,32,15,17
,Missaukee,2,1,1
,Montmorency,30,13,17
,Newaygo,68,25,43
,Oceana,35,20,15
,Ogemaw,36,16,20
,Ontonagon,8,8,0
,Osceola,36,18,18
,Oscoda,17,13,4
,Otsego,24,11,13
,Presque Isle,12,12,0
,Roscommon,37,24,13
,Sanilac,59,24,35
,Schoolcraft,2,2,0
,Shiawassee,66,35,31
,St. Joseph,42,18,24
,Tuscola,46,22,24
,Wexford,56,23,33
MINNESOTA-Metropolitan Counties,Anoka,254,129,125
,Benton,70,24,46
,Blue Earth,86,27,59
,Carlton,45,25,20
,Carver,145,75,70
,Chisago,77,40,37
,Clay,68,32,36
,Dakota,179,82,97
,Dodge,34,22,12
,Fillmore,30,20,10
,Hennepin,756,319,437
,Houston,29,13,16
,Isanti,53,20,33
,Le Sueur,33,19,14
,Mille Lacs,71,24,47
,Nicollet,41,14,27
,Olmsted,159,65,94
,Polk,44,31,13
,Ramsey,408,228,180
,Scott,128,42,86
,Sherburne,270,83,187
,Sibley,24,12,12
,Stearns,182,63,119
,St. Louis,233,99,134
,Wabasha,29,17,12
,Washington,234,95,139
,Wright,223,135,88
MINNESOTA-Nonmetropolitan Counties,Aitkin,45,18,27
,Becker,57,21,36
,Beltrami,66,29,37
,Big Stone,7,4,3
,Brown,35,13,22
,Cass,67,37,30
,Chippewa,18,8,10
,Clearwater,21,8,13
,Cook,21,12,9
,Cottonwood,20,9,11
,Crow Wing,116,37,79
,Douglas,76,28,48
,Faribault,27,11,16
,Freeborn,63,21,42
,Goodhue,103,39,64
,Grant,11,6,5
,Hubbard,43,16,27
,Itasca,70,32,38
,Jackson,34,19,15
,Kanabec,47,18,29
,Kandiyohi,103,33,70
,Kittson,10,5,5
,Koochiching,20,10,10
,Lac Qui Parle,11,7,4
,Lake,28,17,11
,Lake of the Woods,10,5,5
,Lincoln,11,6,5
,Lyon,50,15,35
,Mahnomen,18,12,6
,Marshall,23,13,10
,Martin,31,12,19
,McLeod,56,23,33
,Meeker,45,19,26
,Morrison,48,17,31
,Mower,69,22,47
,Murray,14,8,6
,Nobles,34,12,22
,Norman,8,5,3
,Otter Tail,75,33,42
,Pennington,27,7,20
,Pine,78,31,47
,Pipestone,22,12,10
,Pope,14,7,7
,Red Lake,10,7,3
,Redwood,26,12,14
,Renville,32,13,19
,Rice,51,25,26
,Rock,16,11,5
,Roseau,19,9,10
,Steele,26,21,5
,Stevens,14,6,8
,Swift,16,9,7
,Todd,30,14,16
,Traverse,11,5,6
,Wadena,21,9,12
,Waseca,26,11,15
,Watonwan,21,8,13
,Wilkin,17,6,11
,Winona,61,21,40
,Yellow Medicine,21,10,11
MISSISSIPPI-Metropolitan Counties,Hancock,120,57,63
,Harrison,330,110,220
,Hinds,448,125,323
,Marshall,56,31,25
MISSISSIPPI-Nonmetropolitan Counties,Adams,67,34,33
,Choctaw,14,7,7
,Claiborne,27,10,17
,Clay,35,11,24
,George,17,15,2
,Grenada,18,13,5
,Itawamba,23,12,11
,Jefferson,60,10,50
,Jones,115,71,44
,Kemper,11,9,2
,Lincoln,44,20,24
,Oktibbeha,53,28,25
,Panola,74,39,35
,Scott,66,25,41
,Stone,23,19,4
,Tishomingo,29,12,17
,Warren,42,38,4
,Washington,51,38,13
MISSOURI-Metropolitan Counties,Andrew,25,12,13
,Bates,43,20,23
,Bollinger,14,10,4
,Boone,70,56,14
,Buchanan,104,78,26
,Caldwell,45,10,35
,Callaway,25,22,3
,Cape Girardeau,75,46,29
,Cass,93,74,19
,Christian,80,55,25
,Clay,186,117,69
,Clinton,19,12,7
,Cole,80,54,26
,Dallas,19,15,4
,DeKalb,12,6,6
,Franklin,137,113,24
,Greene,347,125,222
,Jackson,128,95,33
,Jasper,133,88,45
,Jefferson,213,143,70
,Lafayette,41,39,2
,Lincoln,90,47,43
,McDonald,29,21,8
,Moniteau,13,8,5
,Newton,70,35,35
,Osage,13,9,4
,Platte,118,80,38
,Polk,44,16,28
,Ray,28,12,16
,St. Charles,229,156,73
,St. Louis County Police Department,"1,082",815,267
,Warren,61,37,24
,Webster,32,17,15
MISSOURI-Nonmetropolitan Counties,Adair,23,11,12
,Atchison,9,4,5
,Audrain,43,34,9
,Barry,36,20,16
,Benton,23,15,8
,Butler,41,18,23
,Camden,103,68,35
,Carroll,9,8,1
,Carter,12,7,5
,Cedar,37,11,26
,Clark,14,7,7
,Cooper,9,8,1
,Crawford,39,25,14
,Daviess,7,6,1
,Dent,17,12,5
,Douglas,11,6,5
,Dunklin,12,10,2
,Gasconade,13,12,1
,Gentry,5,5,0
,Grundy,14,4,10
,Harrison,5,5,0
,Henry,39,27,12
,Hickory,14,8,6
,Holt,8,4,4
,Howard,11,8,3
,Howell,35,28,7
,Iron,15,8,7
,Johnson,58,29,29
,Knox,4,3,1
,Laclede,31,24,7
,Lawrence,38,28,10
,Lewis,12,6,6
,Linn,9,8,1
,Livingston,8,7,1
,Macon,13,11,2
,Madison,5,5,0
,Maries,8,6,2
,Marion,38,17,21
,Mercer,7,3,4
,Miller,18,15,3
,Mississippi,23,8,15
,Monroe,9,8,1
,Montgomery,18,16,2
,Morgan,53,29,24
,New Madrid,22,12,10
,Nodaway,13,11,2
,Oregon,11,6,5
,Ozark,14,8,6
,Pemiscot,33,16,17
,Perry,33,23,10
,Pettis,49,22,27
,Phelps,60,26,34
,Pike,29,12,17
,Pulaski,47,25,22
,Putnam,4,3,1
,Ralls,9,8,1
,Randolph,38,24,14
,Reynolds,10,9,1
,Ripley,11,9,2
,Saline,33,21,12
,Schuyler,7,3,4
,Scotland,5,2,3
,Scott,43,22,21
,Shannon,7,3,4
,Shelby,10,5,5
,St. Clair,67,23,44
,Ste. Genevieve,55,42,13
,St. Francois,70,56,14
,Stoddard,23,10,13
,Stone,57,48,9
,Sullivan,5,4,1
,Taney,54,39,15
,Texas,11,10,1
,Vernon,30,20,10
,Washington,28,19,9
,Wayne,17,7,10
,Worth,4,3,1
,Wright,13,6,7
MONTANA-Metropolitan Counties,Golden Valley,1,1,0
,Missoula,64,47,17
MONTANA-Nonmetropolitan Counties,Beaverhead,18,7,11
,Big Horn,33,17,16
,Blaine,14,8,6
,Broadwater,23,8,15
,Daniels,6,3,3
,Deer Lodge,19,19,0
,Fallon,11,4,7
,Fergus,21,9,12
,Flathead,112,55,57
,Garfield,3,2,1
,Hill,28,12,16
,Jefferson,25,13,12
,Judith Basin,5,4,1
,Liberty,10,5,5
,Madison,16,10,6
,Meagher,9,4,5
,Musselshell,8,8,0
,Phillips,11,6,5
,Richland,30,9,21
,Rosebud,24,13,11
,Sanders,16,13,3
,Sheridan,9,7,2
,Silver Bow,96,49,47
,Stillwater,14,9,5
,Sweet Grass,13,7,6
,Teton,12,9,3
,Toole,22,14,8
,Valley,18,8,10
,Wheatland,6,6,0
NEBRASKA-Metropolitan Counties,Cass,68,49,19
,Dakota,16,15,1
,Dixon,15,7,8
,Douglas,196,124,72
,Hall,39,31,8
,Hamilton,21,9,12
,Howard,13,6,7
,Lancaster,101,83,18
,Merrick,13,7,6
,Sarpy,201,134,67
,Saunders,20,11,9
,Seward,25,23,2
,Washington,48,24,24
NEBRASKA-Nonmetropolitan Counties,Adams,35,18,17
,Antelope,13,4,9
,Arthur,1,1,0
,Banner,1,1,0
,Blaine,1,1,0
,Boone,13,5,8
,Box Butte,18,5,13
,Boyd,2,2,0
,Brown,9,5,4
,Buffalo,46,27,19
,Burt,4,4,0
,Butler,8,8,0
,Cedar,6,6,0
,Chase,8,4,4
,Cherry,5,4,1
,Cheyenne,20,9,11
,Clay,11,7,4
,Colfax,17,8,9
,Cuming,6,5,1
,Custer,7,6,1
,Dawes,13,7,6
,Dawson,64,29,35
,Deuel,5,4,1
,Dodge,24,21,3
,Dundy,8,4,4
,Fillmore,11,6,5
,Franklin,7,3,4
,Frontier,8,5,3
,Furnas,14,7,7
,Gage,28,16,12
,Garden,11,5,6
,Garfield,2,2,0
,Gosper,5,4,1
,Grant,1,1,0
,Greeley,3,2,1
,Harlan,7,3,4
,Hayes,1,1,0
,Hitchcock,8,4,4
,Holt,12,5,7
,Hooker,2,2,0
,Jefferson,16,8,8
,Johnson,12,6,6
,Kearney,12,7,5
,Keith,16,8,8
,Keya Paha,1,1,0
,Kimball,10,4,6
,Knox,13,4,9
,Lincoln,53,23,30
,Logan,2,2,0
,Loup,1,1,0
,Madison,59,32,27
,McPherson,1,1,0
,Morrill,10,5,5
,Nance,11,7,4
,Nemaha,10,9,1
,Nuckolls,7,4,3
,Otoe,27,15,12
,Pawnee,5,4,1
,Perkins,9,4,5
,Phelps,25,6,19
,Pierce,7,4,3
,Platte,47,19,28
,Polk,11,6,5
,Red Willow,11,8,3
,Richardson,7,6,1
,Rock,7,3,4
,Saline,22,14,8
,Scotts Bluff,25,18,7
,Sheridan,6,5,1
,Sherman,6,5,1
,Sioux,1,1,0
,Stanton,8,7,1
,Thayer,11,7,4
,Thomas,1,1,0
,Thurston,17,8,9
,Valley,9,4,5
,Webster,9,6,3
,Wheeler,2,2,0
,York,24,10,14
NEVADA-Metropolitan Counties,Carson City,133,93,40
,Storey,24,23,1
,Washoe,675,411,264
NEVADA-Nonmetropolitan Counties,Churchill,45,37,8
,Douglas,117,104,13
,Elko,71,57,14
,Esmeralda,52,12,40
,Eureka,19,12,7
,Humboldt,55,36,19
,Lander,36,24,12
,Lincoln,31,26,5
,Lyon,103,77,26
,Nye,126,96,30
,Pershing,20,13,7
,White Pine,33,27,6
NEW HAMPSHIRE-Metropolitan Counties,Rockingham,49,25,24
NEW HAMPSHIRE-Nonmetropolitan Counties,Carroll,26,13,13
,Cheshire,21,10,11
,Merrimack,28,16,12
NEW JERSEY-Metropolitan Counties,Atlantic,148,125,23
,Bergen,505,427,78
,Bergen County Police Department,181,91,90
,Burlington,87,70,17
,Camden,179,149,30
,Camden County Police Department,477,391,86
,Cape May,164,132,32
,Cumberland,66,59,7
,Essex,432,363,69
,Gloucester,102,88,14
,Hudson,336,241,95
,Hunterdon,24,20,4
,Mercer,189,148,41
,Middlesex,221,182,39
,Monmouth,622,429,193
,Morris,129,96,33
,Ocean,259,138,121
,Passaic,639,539,100
,Salem,251,205,46
,Somerset,207,167,40
,Sussex,148,119,29
,Union,161,120,41
,Warren,23,19,4
NEW MEXICO-Metropolitan Counties,Bernalillo,382,301,81
,Dona Ana,250,129,121
,Santa Fe,112,87,25
,Torrance,16,13,3
NEW MEXICO-Nonmetropolitan Counties,Chaves,46,37,9
,Cibola,24,18,6
,Curry,30,19,11
,Eddy,68,57,11
,Lincoln,29,20,9
,Los Alamos,1,1,0
,Luna,35,30,5
,Otero,59,38,21
,Quay,8,7,1
,Rio Arriba,30,27,3
,Roosevelt,17,14,3
,Sierra,13,11,2
,Socorro,14,10,4
,Taos,31,25,6
NEW YORK-Metropolitan Counties,Albany,163,114,49
,Broome,65,56,9
,Chemung,47,43,4
,Dutchess,127,104,23
,Erie,179,136,43
,Herkimer,13,3,10
,Jefferson,59,42,17
,Livingston,72,49,23
,Madison,37,28,9
,Monroe,351,294,57
,Nassau,"3,006","2,257",749
,Niagara,150,110,40
,Oneida,99,81,18
,Onondaga,250,212,38
,Ontario,103,66,37
,Orange,100,89,11
,Orleans,34,24,10
,Oswego,80,64,16
,Putnam,99,82,17
,Schenectady,16,10,6
,Suffolk,370,250,120
,Suffolk County Police Department,"2,898","2,357",541
,Tioga,50,31,19
,Tompkins,46,40,6
,Ulster,59,56,3
,Warren,103,67,36
,Wayne,61,53,8
,Yates,45,24,21
NEW YORK-Nonmetropolitan Counties,Allegany,47,28,19
,Cattaraugus,93,69,24
,Cayuga,39,35,4
,Chautauqua,107,61,46
,Chenango,24,24,0
,Columbia,57,47,10
,Cortland,39,35,4
,Delaware,23,15,8
,Franklin,17,8,9
,Fulton,41,24,17
,Genesee,76,48,28
,Hamilton,7,6,1
,Otsego,18,16,2
,Schuyler,21,18,3
,Steuben,56,41,15
,St. Lawrence,34,33,1
,Sullivan,40,40,0
NORTH CAROLINA-Metropolitan Counties,Alamance,256,117,139
,Alexander,74,39,35
,Brunswick,259,165,94
,Buncombe,383,250,133
,Burke,108,85,23
,Cabarrus,324,200,124
,Caldwell,111,72,39
,Catawba,190,139,51
,Chatham,125,93,32
,Craven,124,74,50
,Cumberland,620,312,308
,Currituck,98,63,35
,Davidson,195,131,64
,Davie,86,55,31
,Durham,441,175,266
,Edgecombe,128,51,77
,Forsyth,490,205,285
,Franklin,106,70,36
,Gaston,215,124,91
,Gaston County Police Department,221,130,91
,Gates,17,16,1
,Guilford,637,255,382
,Haywood,111,55,56
,Henderson,195,135,60
,Hoke,115,61,54
,Iredell,218,162,56
,Johnston,190,114,76
,Jones,25,16,9
,Lincoln,155,105,50
,Madison,44,21,23
,Mecklenburg1,"1,215",318,897
,Nash,80,76,4
,New Hanover,473,361,112
,Onslow,243,123,120
,Orange,139,105,34
,Pamlico,48,15,33
,Pender,111,63,48
,Person,83,45,38
,Pitt,304,126,178
,Randolph,208,152,56
,Rockingham,150,96,54
,Rowan,185,130,55
,Stokes,66,48,18
,Union,270,192,78
,Wake,943,381,562
,Wayne,168,98,70
,Yadkin,74,41,33
NORTH CAROLINA-Nonmetropolitan Counties,Alleghany,29,13,16
,Anson,62,32,30
,Ashe,64,31,33
,Avery,49,26,23
,Beaufort,89,55,34
,Bertie,40,26,14
,Bladen,68,50,18
,Camden,21,18,3
,Carteret,89,60,29
,Caswell,55,35,20
,Cherokee,62,25,37
,Chowan,37,17,20
,Clay,43,16,27
,Cleveland,170,95,75
,Columbus,115,79,36
,Dare,139,63,76
,Duplin,102,75,27
,Graham,17,15,2
,Granville,102,52,50
,Greene,48,23,25
,Halifax,89,62,27
,Harnett,216,120,96
,Hertford,55,22,33
,Hyde,20,15,5
,Jackson,73,49,24
,Lee,104,68,36
,Lenoir,129,68,61
,Macon,69,50,19
,Martin,38,36,2
,McDowell,63,43,20
,Mitchell,18,17,1
,Montgomery,54,30,24
,Moore,133,71,62
,Northampton,54,32,22
,Pasquotank,67,44,23
,Perquimans,16,14,2
,Polk,39,29,10
,Richmond,68,57,11
,Robeson,227,132,95
,Rutherford,130,80,50
,Sampson,133,92,41
,Scotland,63,36,27
,Stanly,91,55,36
,Surry,103,62,41
,Swain,47,27,20
,Transylvania,79,60,19
,Tyrrell,16,10,6
,Vance,106,43,63
,Warren,67,36,31
,Washington,41,21,20
,Watauga,75,45,30
,Wilkes,122,72,50
,Wilson,164,92,72
,Yancey,36,15,21
NORTH DAKOTA-Metropolitan Counties,Burleigh,98,49,49
,Cass,157,103,54
,Grand Forks,39,32,7
,Morton,45,26,19
,Oliver,4,3,1
,Sioux,1,1,0
NORTH DAKOTA-Nonmetropolitan Counties,Adams,5,4,1
,Barnes,9,8,1
,Benson,4,4,0
,Billings,6,6,0
,Bottineau,15,11,4
,Bowman,5,4,1
,Burke,6,5,1
,Cavalier,11,5,6
,Dickey,5,4,1
,Divide,9,9,0
,Dunn,16,14,2
,Eddy,6,5,1
,Emmons,6,5,1
,Foster,3,3,0
,Golden Valley,6,5,1
,Grant,3,3,0
,Griggs,5,4,1
,Hettinger,5,5,0
,Kidder,4,3,1
,Lamoure,4,3,1
,Logan,2,2,0
,McHenry,7,7,0
,McIntosh,3,3,0
,McKenzie,29,18,11
,McLean,37,24,13
,Mercer,25,13,12
,Mountrail,22,11,11
,Nelson,6,5,1
,Pembina,15,8,7
,Pierce,8,4,4
,Ramsey,7,6,1
,Ransom,5,4,1
,Renville,5,5,0
,Richland,35,19,16
,Rolette,19,9,10
,Sargent,5,4,1
,Sheridan,3,3,0
,Slope,2,2,0
,Stark,27,23,4
,Steele,3,3,0
,Stutsman,11,9,2
,Towner,2,2,0
,Traill,13,8,5
,Walsh,16,9,7
,Ward,73,38,35
,Wells,3,3,0
,Williams,69,35,34
OHIO-Metropolitan Counties,Carroll,32,20,12
,Delaware,201,89,112
,Lorain,202,64,138
,Mahoning,223,212,11
,Morrow,46,24,22
,Pickaway,86,30,56
,Portage,130,75,55
,Stark,240,122,118
,Trumbull,139,51,88
,Union,53,35,18
OHIO-Nonmetropolitan Counties,Ashland,71,40,31
,Ashtabula,68,30,38
,Columbiana,32,23,9
,Coshocton,52,41,11
,Darke,62,36,26
,Erie,82,37,45
,Fayette,40,25,15
,Holmes,50,33,17
,Knox,61,47,14
,Muskingum,106,70,36
,Ottawa,61,41,20
,Putnam,52,27,25
,Seneca,80,38,42
,Washington,88,36,52
OKLAHOMA-Metropolitan Counties,Canadian,80,53,27
,Cleveland,183,68,115
,Comanche,38,27,11
,Cotton,13,5,8
,Creek,86,33,53
,Grady,27,19,8
,Le Flore,30,15,15
,Lincoln,32,15,17
,Logan,32,25,7
,McClain,30,17,13
,Okmulgee,15,14,1
,Osage,76,42,34
,Pawnee,26,8,18
,Rogers,41,36,5
,Sequoyah,48,20,28
,Tulsa,550,241,309
,Wagoner,57,31,26
OKLAHOMA-Nonmetropolitan Counties,Adair,10,10,0
,Alfalfa,12,6,6
,Atoka,22,8,14
,Beaver,13,7,6
,Beckham,38,13,25
,Blaine,16,7,9
,Bryan,21,18,3
,Caddo,41,18,23
,Carter,57,19,38
,Cherokee,28,19,9
,Choctaw,8,6,2
,Cimarron,8,3,5
,Coal,9,5,4
,Craig,24,11,13
,Custer,37,13,24
,Delaware,43,19,24
,Dewey,14,7,7
,Ellis,17,7,10
,Garfield,70,25,45
,Garvin,35,19,16
,Grant,10,5,5
,Greer,6,2,4
,Harmon,4,3,1
,Harper,9,6,3
,Haskell,14,4,10
,Hughes,13,6,7
,Jackson,36,12,24
,Jefferson,33,3,30
,Johnston,26,8,18
,Kay,21,15,6
,Kingfisher,17,8,9
,Kiowa,13,7,6
,Latimer,12,5,7
,Love,15,7,8
,Major,14,6,8
,Marshall,28,7,21
,Mayes,49,22,27
,McCurtain,31,15,16
,McIntosh,21,14,7
,Murray,12,6,6
,Noble,24,10,14
,Nowata,19,7,12
,Okfuskee,16,5,11
,Ottawa,39,15,24
,Payne,89,37,52
,Pittsburg,64,20,44
,Pontotoc,14,13,1
,Pottawatomie,28,25,3
,Pushmataha,12,7,5
,Roger Mills,12,7,5
,Seminole,40,16,24
,Stephens,66,21,45
,Texas,35,12,23
,Tillman,35,6,29
,Washington,52,24,28
,Washita,34,9,25
,Woods,7,6,1
,Woodward,38,11,27
OREGON-Metropolitan Counties,Benton,75,63,12
,Clackamas,440,340,100
,Columbia,44,40,4
,Deschutes,225,157,68
,Jackson,166,108,58
,Josephine,52,11,41
,Lane,256,60,196
,Linn,180,59,121
,Marion,342,89,253
,Multnomah,737,104,633
,Polk,43,13,30
,Washington,560,258,302
,Yamhill,88,68,20
OREGON-Nonmetropolitan Counties,Baker,23,11,12
,Clatsop,50,23,27
,Coos,86,21,65
,Crook,28,17,11
,Curry,37,37,0
,Douglas,141,104,37
,Gilliam,7,6,1
,Harney,18,12,6
,Hood River,28,17,11
,Jefferson,38,15,23
,Lake,21,21,0
,Lincoln,87,27,60
,Malheur,58,50,8
,Morrow,31,17,14
,Sherman,7,6,1
,Tillamook,79,48,31
,Umatilla,95,62,33
,Union,30,16,14
,Wallowa,12,12,0
,Wasco,30,17,13
,Wheeler,3,3,0
PENNSYLVANIA-Metropolitan Counties,Adams,17,11,6
,Allegheny,184,153,31
,Allegheny County Police Department,261,204,57
,Beaver,33,26,7
,Berks,106,93,13
,Blair,29,25,4
,Butler,23,20,3
,Cumberland,33,27,6
,Erie,44,38,6
,Lancaster,55,50,5
,Lycoming,16,11,5
,Mercer,18,15,3
,Monroe,46,22,24
,Montgomery,130,106,24
,Northampton,60,55,5
,Pike,21,17,4
,Washington,27,27,0
,Westmoreland,61,53,8
,Wyoming,6,5,1
,York,120,110,10
PENNSYLVANIA-Nonmetropolitan Counties,Bedford,11,10,1
,Bradford,11,9,2
,Clarion,11,8,3
,Elk,5,4,1
,Indiana,19,16,3
,Jefferson,9,8,1
,Lawrence,23,18,5
,Schuylkill,19,15,4
,Snyder,6,6,0
,Tioga,8,6,2
,Union,9,8,1
,Warren,11,9,2
,Wayne,16,13,3
SOUTH CAROLINA-Metropolitan Counties,Aiken,241,131,110
,Anderson,371,209,162
,Berkeley,152,133,19
,Calhoun,30,28,2
,Charleston,757,263,494
,Chester,97,56,41
,Florence,227,188,39
,Greenville,516,423,93
,Horry County Police Department,278,235,43
,Jasper,39,34,5
,Kershaw,70,62,8
,Lancaster,148,101,47
,Laurens,75,68,7
,Lexington,442,283,159
,Pickens,131,110,21
,Richland,589,494,95
,Saluda,57,20,37
,Spartanburg,338,310,28
,Sumter,143,119,24
,Union,33,30,3
,York,209,180,29
SOUTH CAROLINA-Nonmetropolitan Counties,Abbeville,32,30,2
,Allendale,15,13,2
,Bamberg,16,13,3
,Barnwell,44,29,15
,Cherokee,57,49,8
,Chesterfield,56,44,12
,Clarendon,57,47,10
,Colleton,123,60,63
,Dillon,49,40,9
,Georgetown,156,76,80
,Lee,33,25,8
,Marion,64,32,32
,Newberry,104,49,55
,Oconee,146,85,61
,Orangeburg,126,88,38
,Williamsburg,39,35,4
SOUTH DAKOTA-Metropolitan Counties,Custer,12,11,1
,Lincoln,18,16,2
,McCook,7,6,1
,Meade,53,16,37
,Minnehaha,209,78,131
,Pennington,373,76,297
,Turner,10,8,2
,Union,26,8,18
SOUTH DAKOTA-Nonmetropolitan Counties,Aurora,4,3,1
,Beadle,30,6,24
,Bennett,4,3,1
,Bon Homme,8,3,5
,Brookings,21,13,8
,Brown,51,16,35
,Brule,9,4,5
,Buffalo,1,1,0
,Butte,7,5,2
,Campbell,2,2,0
,Charles Mix,20,6,14
,Clark,3,3,0
,Clay,11,7,4
,Codington,26,10,16
,Corson,5,4,1
,Davison,10,7,3
,Day,5,3,2
,Deuel,7,3,4
,Dewey,4,3,1
,Douglas,3,3,0
,Edmunds,7,4,3
,Fall River,16,6,10
,Faulk,10,4,6
,Grant,8,4,4
,Gregory,3,2,1
,Haakon,2,2,0
,Hamlin,5,4,1
,Hand,4,3,1
,Hanson,2,2,0
,Harding,3,2,1
,Hughes,48,5,43
,Hutchinson,3,3,0
,Hyde,2,2,0
,Jackson,4,4,0
,Jerauld,5,4,1
,Jones,2,2,0
,Kingsbury,6,5,1
,Lake,9,5,4
,Lawrence,39,14,25
,Lyman,5,4,1
,Marshall,11,6,5
,McPherson,2,2,0
,Mellette,4,4,0
,Miner,4,3,1
,Moody,10,5,5
,Perkins,7,6,1
,Potter,3,2,1
,Roberts,31,4,27
,Sanborn,4,3,1
,Shannon,1,1,0
,Spink,13,8,5
,Stanley,6,5,1
,Sully,3,3,0
,Todd,2,1,1
,Tripp,5,4,1
,Walworth,12,3,9
,Yankton,30,12,18
,Ziebach,2,2,0
TENNESSEE-Metropolitan Counties,Anderson,176,62,114
,Blount,285,142,143
,Bradley,204,101,103
,Campbell,71,67,4
,Cannon,34,16,18
,Carter,109,53,56
,Cheatham,67,33,34
,Chester,48,14,34
,Crockett,32,15,17
,Dickson,136,65,71
,Fayette,81,41,40
,Grainger,46,20,26
,Hamblen,101,35,66
,Hamilton,382,163,219
,Hartsville/Trousdale,40,19,21
,Hawkins,106,58,48
,Hickman,43,25,18
,Jefferson,102,51,51
,Knox,965,463,502
,Loudon,81,48,33
,Macon,56,30,26
,Madison,229,72,157
,Marion,49,20,29
,Maury,159,80,79
,Montgomery,334,100,234
,Morgan,46,22,24
,Polk,50,18,32
,Roane,76,43,33
,Robertson,155,46,109
,Rutherford,417,224,193
,Sequatchie,49,23,26
,Shelby,"1,930",606,"1,324"
,Smith,58,24,34
,Sullivan,255,114,141
,Sumner,277,97,180
,Tipton,94,54,40
,Unicoi,39,27,12
,Union,46,26,20
,Washington,221,91,130
,Williamson,260,150,110
,Wilson,243,127,116
TENNESSEE-Nonmetropolitan Counties,Bedford,86,36,50
,Benton,58,17,41
,Bledsoe,13,13,0
,Carroll,64,24,40
,Claiborne,91,33,58
,Clay,23,14,9
,Cocke,65,41,24
,Coffee,98,46,52
,Cumberland,105,47,58
,Decatur,37,16,21
,DeKalb,45,25,20
,Dyer,79,30,49
,Fentress,30,17,13
,Franklin,49,43,6
,Gibson,73,31,42
,Giles,65,30,35
,Greene,149,57,92
,Grundy,37,17,20
,Hancock,33,14,19
,Hardeman,75,29,46
,Hardin,47,22,25
,Haywood,48,20,28
,Henderson,67,31,36
,Henry,65,33,32
,Houston,23,12,11
,Humphreys,37,23,14
,Jackson,37,12,25
,Johnson,48,18,30
,Lake,19,8,11
,Lauderdale,63,24,39
,Lawrence,94,47,47
,Lewis,29,15,14
,Lincoln,66,31,35
,Marshall,54,25,29
,McMinn,81,33,48
,McNairy,37,17,20
,Meigs,37,12,25
,Monroe,74,45,29
,Moore,28,14,14
,Obion,61,26,35
,Overton,54,23,31
,Perry,39,16,23
,Pickett,16,10,6
,Putnam,139,63,76
,Rhea,53,53,0
,Scott,67,30,37
,Sevier,229,104,125
,Stewart,43,20,23
,Van Buren,20,11,9
,Warren,90,50,40
,Wayne,52,17,35
,Weakley,44,21,23
,White,69,30,39
TEXAS-Metropolitan Counties,Aransas,72,24,48
,Archer,18,9,9
,Austin,65,39,26
,Bandera,65,30,35
,Bell,280,93,187
,Bowie,44,37,7
,Brazoria,350,168,182
,Brazos,222,101,121
,Burleson,37,15,22
,Caldwell,103,29,74
,Callahan,13,5,8
,Chambers,93,47,46
,Clay,23,12,11
,Collin,475,163,312
,Comal,262,127,135
,Coryell,71,31,40
,Dallas,"2,164",429,"1,735"
,Ector,207,82,125
,Ellis,226,85,141
,El Paso,"1,076",233,843
,Fort Bend,759,543,216
,Goliad,27,12,15
,Gregg,249,106,143
,Guadalupe,217,88,129
,Hardin,71,32,39
,Hays,293,135,158
,Hidalgo,756,281,475
,Hood,134,51,83
,Hudspeth,41,15,26
,Hunt,131,43,88
,Jones,27,8,19
,Kaufman,217,87,130
,Kendall,75,47,28
,Lampasas,35,19,16
,Liberty,75,52,23
,Lubbock,476,202,274
,Lynn,21,7,14
,Martin,9,5,4
,McLennan,339,115,224
,Medina,65,29,36
,Midland,186,73,113
,Montgomery,776,443,333
,Newton,23,12,11
,Nueces,286,67,219
,Oldham,11,6,5
,Randall,180,79,101
,Robertson,32,14,18
,Rusk,77,39,38
,San Patricio,104,51,53
,Smith,340,171,169
,Taylor,223,91,132
,Travis,"1,626",334,"1,292"
,Upshur,74,46,28
,Waller,78,56,22
,Webb,316,249,67
,Wichita,200,43,157
,Williamson,502,216,286
,Wilson,73,33,40
TEXAS-Nonmetropolitan Counties,Andrews,33,12,21
,Angelina,103,90,13
,Bee,42,18,24
,Blanco,27,12,15
,Borden,3,2,1
,Briscoe,3,3,0
,Brown,65,27,38
,Burnet,107,45,62
,Calhoun,69,26,43
,Camp,18,7,11
,Castro,19,8,11
,Cherokee,76,33,43
,Childress,21,5,16
,Cochran,13,7,6
,Colorado,47,19,28
,Comanche,31,10,21
,Concho,11,7,4
,Dawson,19,7,12
,Deaf Smith,36,12,24
,DeWitt,47,16,31
,Eastland,29,12,17
,Edwards,11,5,6
,Erath,62,22,40
,Fannin,25,17,8
,Fayette,48,25,23
,Floyd,10,6,4
,Freestone,35,15,20
,Frio,41,19,22
,Gaines,26,14,12
,Garza,32,11,21
,Gillespie,51,30,21
,Glasscock,5,5,0
,Gonzales,53,19,34
,Gray,39,14,25
,Grimes,54,28,26
,Hamilton,14,5,9
,Hansford,12,7,5
,Hardeman,11,7,4
,Hartley,5,5,0
,Haskell,11,4,7
,Hemphill,18,10,8
,Henderson,151,80,71
,Hopkins,58,23,35
,Howard,52,17,35
,Hutchinson,38,17,21
,Jack,28,10,18
,Jackson,36,14,22
,Jasper,45,21,24
,Karnes,43,29,14
,Kenedy,19,12,7
,Kent,6,3,3
,Kerr,93,46,47
,Kimble,13,8,5
,Kinney,16,7,9
,Knox,9,3,6
,Lamar,76,27,49
,Lamb,27,11,16
,La Salle,43,23,20
,Lavaca,33,14,19
,Lee,41,13,28
,Leon,42,25,17
,Limestone,86,22,64
,Live Oak,48,15,33
,Llano,55,30,25
,Loving,5,4,1
,Madison,27,12,15
,Marion,12,11,1
,Matagorda,78,39,39
,McCulloch,14,8,6
,McMullen,13,11,2
,Milam,60,17,43
,Mills,11,7,4
,Mitchell,20,5,15
,Moore,47,16,31
,Motley,4,4,0
,Nacogdoches,61,20,41
,Nolan,31,12,19
,Ochiltree,19,8,11
,Palo Pinto,52,25,27
,Panola,57,28,29
,Parmer,18,6,12
,Pecos,38,23,15
,Polk,110,54,56
,Rains,25,10,15
,Reagan,22,14,8
,Real,9,4,5
,Reeves,59,23,36
,Refugio,47,18,29
,Runnels,25,7,18
,Schleicher,12,6,6
,Scurry,42,8,34
,Shackelford,16,5,11
,Shelby,33,15,18
,Sherman,10,5,5
,Starr,102,48,54
,Stephens,27,26,1
,Sterling,5,4,1
,Stonewall,11,3,8
,Sutton,14,4,10
,Swisher,12,4,8
,Terry,32,13,19
,Titus,62,27,35
,Upton,22,12,10
,Val Verde,63,41,22
,Van Zandt,77,30,47
,Walker,84,40,44
,Washington,59,30,29
,Wharton,74,42,32
,Wheeler,23,9,14
,Willacy,44,16,28
,Winkler,28,9,19
,Wood,63,26,37
,Young,40,15,25
UTAH-Metropolitan Counties,Box Elder,82,26,56
,Cache,148,113,35
,Davis,321,140,181
,Juab,25,15,10
,Morgan,13,11,2
,Salt Lake County Unified Police Department,569,420,149
,Tooele,81,29,52
,Utah,371,140,231
,Washington,160,45,115
,Weber,72,72,0
UTAH-Nonmetropolitan Counties,Beaver,73,23,50
,Carbon,48,41,7
,Daggett,20,12,8
,Duchesne,59,20,39
,Emery,41,28,13
,Garfield,29,13,16
,Grand,32,19,13
,Iron,31,28,3
,Kane,48,15,33
,Millard,54,33,21
,Piute,3,3,0
,Rich,10,4,6
,San Juan,35,15,20
,Sanpete,54,19,35
,Sevier,72,41,31
,Summit,96,59,37
,Uintah,81,23,58
,Wasatch,49,40,9
,Wayne,12,5,7
VERMONT-Metropolitan Counties,Chittenden,21,18,3
,Franklin,11,10,1
,Grand Isle,1,1,0
VERMONT-Nonmetropolitan Counties,Addison,5,5,0
,Bennington,9,6,3
,Caledonia,11,10,1
,Essex,3,3,0
,Lamoille,24,11,13
,Orange,10,7,3
,Orleans,8,6,2
,Rutland,22,18,4
,Washington,13,11,2
,Windham,22,18,4
,Windsor,14,11,3
VIRGINIA-Metropolitan Counties,Albemarle County Police Department,154,126,28
,Amelia,26,17,9
,Amherst,49,45,4
,Appomattox,22,21,1
,Arlington County Police Department,428,356,72
,Augusta,91,80,11
,Bedford,90,82,8
,Botetourt,116,93,23
,Buckingham,26,19,7
,Campbell,68,59,9
,Caroline,68,47,21
,Charles City,18,11,7
,Chesterfield County Police Department,595,494,101
,Clarke,29,17,12
,Craig,14,9,5
,Culpeper,94,82,12
,Dinwiddie,43,40,3
,Fairfax County Police Department,"1,604","1,328",276
,Fauquier,171,119,52
,Floyd,30,20,10
,Fluvanna,44,31,13
,Franklin,83,77,6
,Frederick,121,105,16
,Giles,34,24,10
,Gloucester,104,87,17
,Goochland,45,35,10
,Greene,39,23,16
,Hanover,231,214,17
,Henrico County Police Department,805,614,191
,Isle of Wight,51,46,5
,James City County Police Department,98,92,6
,King William,34,21,13
,Loudoun,637,526,111
,Mathews,18,11,7
,Montgomery,133,115,18
,Nelson,23,18,5
,New Kent,43,31,12
,Powhatan,55,40,15
,Prince George County Police Department,75,53,22
,Prince William County Police Department,700,582,118
,Pulaski,55,45,10
,Rappahannock,21,21,0
,Roanoke County Police Department,149,135,14
,Rockingham,74,58,16
,Scott,36,29,7
,Spotsylvania,277,207,70
,Stafford,238,168,70
,Sussex,47,42,5
,Warren,73,57,16
,Washington,76,55,21
,York,94,86,8
VIRGINIA-Nonmetropolitan Counties,Accomack,67,57,10
,Alleghany,62,43,19
,Bath,19,12,7
,Bland,16,10,6
,Brunswick,39,27,12
,Buchanan,47,34,13
,Carroll,42,35,7
,Charlotte,35,33,2
,Cumberland,19,14,5
,Dickenson,30,20,10
,Essex,20,13,7
,Grayson,32,26,6
,Greensville,33,33,0
,Halifax,39,32,7
,Henry,134,121,13
,Highland,12,7,5
,King and Queen,20,12,8
,King George,55,37,18
,Lancaster,38,30,8
,Lee,25,25,0
,Louisa,64,49,15
,Lunenburg,21,14,7
,Madison,34,20,14
,Mecklenburg,53,51,2
,Middlesex,22,16,6
,Northampton,84,67,17
,Northumberland,28,18,10
,Nottoway,22,12,10
,Orange,48,39,9
,Page,68,54,14
,Patrick,67,51,16
,Pittsylvania,133,118,15
,Prince Edward,30,23,7
,Richmond,23,15,8
,Rockbridge,43,35,8
,Russell,47,31,16
,Shenandoah,64,58,6
,Smyth,43,43,0
,Southampton,77,64,13
,Surry,24,14,10
,Tazewell,70,49,21
,Westmoreland,37,23,14
,Wise,62,46,16
,Wythe,47,39,8
WASHINGTON-Metropolitan Counties,Asotin,25,11,14
,Benton,68,56,12
,Chelan,74,59,15
,Clark,204,129,75
,Columbia,9,8,1
,Cowlitz,46,40,6
,Douglas,32,27,5
,Franklin,27,25,2
,King,295,199,96
,Kitsap,140,113,27
,Pend Oreille,40,16,24
,Pierce,334,278,56
,Skagit,107,53,54
,Skamania,20,16,4
,Snohomish,349,277,72
,Spokane,185,123,62
,Stevens,30,26,4
,Thurston,99,80,19
,Walla Walla,56,26,30
,Whatcom,183,83,100
,Yakima,76,51,25
WASHINGTON-Nonmetropolitan Counties,Adams,35,16,19
,Clallam,41,34,7
,Ferry,26,9,17
,Garfield,12,6,6
,Grant,72,48,24
,Grays Harbor,73,61,12
,Island,63,36,27
,Jefferson,48,24,24
,Kittitas,72,34,38
,Klickitat,39,19,20
,Lewis,50,36,14
,Lincoln,26,15,11
,Mason,66,50,16
,Okanogan,35,30,5
,Pacific,40,14,26
,San Juan,28,18,10
,Wahkiakum,18,7,11
,Whitman,22,18,4
WISCONSIN-Metropolitan Counties,Brown,313,156,157
,Calumet,51,24,27
,Chippewa,71,51,20
,Columbia,113,42,71
,Dane,531,438,93
,Douglas,75,67,8
,Eau Claire,108,41,67
,Fond du Lac,118,58,60
,Green,41,29,12
,Iowa,36,21,15
,Kenosha,397,122,275
,Kewaunee,37,35,2
,La Crosse,105,41,64
,Marathon,177,68,109
,Milwaukee,620,281,339
,Oconto,58,26,32
,Outagamie,194,82,112
,Ozaukee,97,76,21
,Pierce,49,43,6
,Racine,214,136,78
,Rock,198,98,100
,Sheboygan,169,69,100
,St. Croix,86,78,8
,Washington,172,72,100
,Waukesha,322,152,170
,Winnebago,194,134,60
WISCONSIN-Nonmetropolitan Counties,Adams,54,24,30
,Ashland,30,22,8
,Barron,67,26,41
,Bayfield,36,19,17
,Buffalo,22,11,11
,Burnett,30,16,14
,Clark,47,38,9
,Crawford,30,28,2
,Dodge,164,73,91
,Door,62,49,13
,Dunn,50,25,25
,Florence,18,12,6
,Forest,38,20,18
,Grant,50,27,23
,Green Lake,44,19,25
,Iron,19,11,8
,Jackson,42,22,20
,Jefferson,115,93,22
,Juneau,54,43,11
,Lafayette,17,16,1
,Langlade,37,16,21
,Lincoln,62,28,34
,Manitowoc,100,62,38
,Marinette,57,30,27
,Marquette,42,42,0
,Menominee,9,8,1
,Monroe,48,44,4
,Oneida,81,34,47
,Pepin,19,8,11
,Polk,72,28,44
,Portage,100,48,52
,Price,30,20,10
,Richland,31,17,14
,Rusk,29,26,3
,Sauk,141,59,82
,Sawyer,49,24,25
,Shawano,109,38,71
,Taylor,42,19,23
,Trempealeau,52,23,29
,Vernon,46,26,20
,Vilas,68,33,35
,Walworth,200,80,120
,Washburn,31,14,17
,Waupaca,96,44,52
,Waushara,50,25,25
,Wood,71,43,28
WYOMING-Metropolitan Counties,Laramie,151,109,42
,Natrona,167,55,112
WYOMING-Nonmetropolitan Counties,Albany,46,41,5
,Big Horn,19,10,9
,Campbell,60,44,16
,Carbon,31,18,13
,Converse,39,30,9
,Crook,19,9,10
,Goshen,29,20,9
,Hot Springs,8,6,2
,Lincoln,50,30,20
,Niobrara,15,4,11
,Park,57,19,38
,Platte,11,8,3
,Sheridan,27,21,6
,Sublette,37,32,5
,Sweetwater,104,74,30
,Uinta,52,35,17
,Washakie,9,8,1
,Weston,7,7,0
1 The employee data presented in this table for Mecklenburg represent only Mecklenburg County Sheriff's Office employees and exclude Charlotte-Mecklenburg Police Department employees.,,,,
